{"train/loss": 0.0005360471550375223, "train/last_loss": 1.6339856756530935e-06, "train/steps_per_sec": 0.15921576469539647, "train/tokens_per_sec": 5217.182177538752, "train/grad_norm": 0.00341796875, "train/learning_rate": 0.00011986205208813772, "sequences_processed": 157232, "tokens_processed": 322011136, "noise/G_noise": 6.8113190287988346e-06, "noise/S_noise": 7.793906155484365e-05, "_runtime": 77613, "_timestamp": 1635741651, "_step": 9827, "noise/G_noise_avg": 8.742307997944005e-06, "noise/S_noise_avg": 7.78486391563618e-05, "noise/B_simple": 8.904815430281118, "_wandb": {"runtime": 77613}}