{"train/loss": 0.0005766709218733013, "train/last_loss": 5.3260213462635875e-05, "train/steps_per_sec": 0.15862850821949268, "train/tokens_per_sec": 5197.938957336336, "train/grad_norm": 0.007568359375, "train/learning_rate": 1.1999996786471456e-05, "sequences_processed": 52800, "tokens_processed": 108134400, "noise/G_noise": 3.4135980232008475e-05, "noise/S_noise": 0.0003703053343542706, "_runtime": 30432, "_timestamp": 1637041552, "_step": 3300, "noise/G_noise_avg": 3.282386161696977e-05, "noise/S_noise_avg": 0.0004574445004148685, "noise/B_simple": 13.936340146473565}