{"train/loss": 0.0018722201930359006, "train/last_loss": 0.0003766189038287848, "train/steps_per_sec": 0.15920185301473205, "train/tokens_per_sec": 5216.72631958674, "train/grad_norm": 0.052734375, "train/learning_rate": 0.00010243042197544128, "sequences_processed": 58288, "tokens_processed": 119373824, "noise/G_noise": 0.0013740742576677197, "noise/S_noise": 0.022509440783566485, "_runtime": 28615, "_timestamp": 1635771349, "_step": 3643, "noise/G_noise_avg": 0.0018024369124983982, "noise/S_noise_avg": 0.015534461994896704, "noise/B_simple": 8.61858847162869}